Market_place,URL,Product_name,SKU,Price,Currency,Total_stars_ranking,Subject,Author,Date,Review,Stars,like,dislike
lowes.com,https://www.lowes.com/pd/Project-Source-Project-Source-Danville-Single-Flush-12in-Rough-In-2-Piece-Chair-Height-Elongated-Bowl-1-28-GPF-White/5000026209,Project Source  Danville White Elongated Chair Height 2-piece WaterSense Toilet 12-in Rough-In Size (Ada Compliant),Model #MT-20202P,149.0,USD,4.4,Pretty. Functional.,HBsDad,"September 11, 2021","Love it except for three very small items. 1) There's blue pieces of tape attached to the tank and the bowl (their purpose is unknown though I suspect it's part of the manufacturing/quality control process). I did not remove them before installation and wish I had. You need a razor blade to get all the adhesive off. 2) The seat that comes with it is loose, not ridiculously so, but enough to be annoying. It will be replaced soon. 3) ""Water-saving toilets"". I'll never be convinced that the vol...",4,8,2
lowes.com,https://www.lowes.com/pd/Project-Source-Project-Source-Danville-Single-Flush-12in-Rough-In-2-Piece-Chair-Height-Elongated-Bowl-1-28-GPF-White/5000026209,Project Source  Danville White Elongated Chair Height 2-piece WaterSense Toilet 12-in Rough-In Size (Ada Compliant),Model #MT-20202P,149.0,USD,4.4,not a good product at all,Steven,"December 14, 2021","I purchased this for my down stair bathroom, after installing the base and getting ready to place the tank on I notice that it is missing the seal between tank and bowl. didn't know if it was suppose to come with it or not so I went back to the store and purchased it after installing the whole tank everything worked fine until I noticed a small leak. after inspecting it extremely closely I find there is a hair line crack in the corner of the bowl that is allowing the water to proceed out. I thought this was going to be a great product not so much here now I am out $150 because of a manufacture defect. do not purchase this item spend more to get a better product",1,5,7
lowes.com,https://www.lowes.com/pd/Project-Source-Project-Source-Danville-Single-Flush-12in-Rough-In-2-Piece-Chair-Height-Elongated-Bowl-1-28-GPF-White/5000026209,Project Source  Danville White Elongated Chair Height 2-piece WaterSense Toilet 12-in Rough-In Size (Ada Compliant),Model #MT-20202P,149.0,USD,4.4,Great Toilet,Linda,"September 11, 2022","This is the same toilet that I've previously purchased for my previous 2 homes under the Jacuzzi ""lindsay"" name. Easy install, flushes great, easy to clean, good looking toilet (I'm partial to the square front base rather than round/oval). My only complaint, since under the Project Source name, is the damned ""complies with..."" stickers placed on the tank & bowl that are so hard to remove. I spent more time removing those than placing & securing the actual toilet!",5,1,0
lowes.com,https://www.lowes.com/pd/Project-Source-Project-Source-Danville-Single-Flush-12in-Rough-In-2-Piece-Chair-Height-Elongated-Bowl-1-28-GPF-White/5000026209,Project Source  Danville White Elongated Chair Height 2-piece WaterSense Toilet 12-in Rough-In Size (Ada Compliant),Model #MT-20202P,149.0,USD,4.4,Great value,,"December 19, 2021",Don‚Äôt buy the suggested installation add-ons from the Lowes website - this toilet came with everything for replacement. Love the 17.5 height from floor to seat and the water efficient flushing action. Installer appreciated the two piece design.,5,10,0
lowes.com,https://www.lowes.com/pd/Project-Source-Project-Source-Danville-Single-Flush-12in-Rough-In-2-Piece-Chair-Height-Elongated-Bowl-1-28-GPF-White/5000026209,Project Source  Danville White Elongated Chair Height 2-piece WaterSense Toilet 12-in Rough-In Size (Ada Compliant),Model #MT-20202P,149.0,USD,4.4,Some toilet maybe defective,Mike,"December 12, 2021","I bought two 17 inches high toilet to replace my 15.5 inches. First one worked and second one leaked. The Plumbing company came 3 times to install and reinstall but still leaked so after $375 charge, it was determined the toilet is defective. They installed old 15.5 inch back and no leaks. I took the toilet back to Lowe‚Äôs and they took it back and gave me credit. Hopefully they won‚Äôt sell that defective toilet to someone else.",3,7,1
lowes.com,https://www.lowes.com/pd/Project-Source-Project-Source-Danville-Single-Flush-12in-Rough-In-2-Piece-Chair-Height-Elongated-Bowl-1-28-GPF-White/5000026209,Project Source  Danville White Elongated Chair Height 2-piece WaterSense Toilet 12-in Rough-In Size (Ada Compliant),Model #MT-20202P,149.0,USD,4.4,Good product for price!,Netta,"October 6, 2021",I love the fact that the seat is high enough you don‚Äôt feel like your sitting on the floor.,5,8,0
lowes.com,https://www.lowes.com/pd/Project-Source-Project-Source-Danville-Single-Flush-12in-Rough-In-2-Piece-Chair-Height-Elongated-Bowl-1-28-GPF-White/5000026209,Project Source  Danville White Elongated Chair Height 2-piece WaterSense Toilet 12-in Rough-In Size (Ada Compliant),Model #MT-20202P,149.0,USD,4.4,check your box before you leave,Kevin,"August 15, 2022","had to replace a 1 year old toilet, so I was looking for a better quality toilet. I read 100s of bad reviews. most of which were from missing parts, damaged merchandise, or complaints about cheap seats. this review could easily have been bad if I used that metric. the first one I picked up was damaged. I discovered this because I was meticulously was checking everything, cracks, loose bolts, and for anything that might cause a problem with my installation. had I checked it out a little bit before I left the store, I wouldn't have had to make a 2nd trip. the second one one was perfect, installation was a breeze and it flushed fabulous, however when flushed only half the water escapes before the flap closes. this however is plenty of water and flush normal daily duty stuff. the awesome part is that if you need to, you could hold down the handle and get a super flush. all the guts inside are standard on the shelf items, which is why I couldn't just fix my old one. so that's awesome. lastly the seat....it was given for free, and as they say you get what you pay for, so if you want a nice seat buy one, this one is just fine for me. bottom line LOVE THIS TOILET.!!!",5,5,0
lowes.com,https://www.lowes.com/pd/Project-Source-Project-Source-Danville-Single-Flush-12in-Rough-In-2-Piece-Chair-Height-Elongated-Bowl-1-28-GPF-White/5000026209,Project Source  Danville White Elongated Chair Height 2-piece WaterSense Toilet 12-in Rough-In Size (Ada Compliant),Model #MT-20202P,149.0,USD,4.4,Not bad toilet,Sandygirl0602,"May 2, 2022",The toilet seat is very cheap. But the toilet its self is great for the price.,4,5,0
lowes.com,https://www.lowes.com/pd/Project-Source-Project-Source-Danville-Single-Flush-12in-Rough-In-2-Piece-Chair-Height-Elongated-Bowl-1-28-GPF-White/5000026209,Project Source  Danville White Elongated Chair Height 2-piece WaterSense Toilet 12-in Rough-In Size (Ada Compliant),Model #MT-20202P,149.0,USD,4.4,,Donald,"June 23, 2021",,5,7,1
lowes.com,https://www.lowes.com/pd/Project-Source-Project-Source-Danville-Single-Flush-12in-Rough-In-2-Piece-Chair-Height-Elongated-Bowl-1-28-GPF-White/5000026209,Project Source  Danville White Elongated Chair Height 2-piece WaterSense Toilet 12-in Rough-In Size (Ada Compliant),Model #MT-20202P,149.0,USD,4.4,,Evin,"July 23, 2021",,5,11,3
lowes.com,https://www.lowes.com/pd/Project-Source-Project-Source-Danville-Single-Flush-12in-Rough-In-2-Piece-Chair-Height-Elongated-Bowl-1-28-GPF-White/5000026209,Project Source  Danville White Elongated Chair Height 2-piece WaterSense Toilet 12-in Rough-In Size (Ada Compliant),Model #MT-20202P,149.0,USD,4.4,Very good price compared to other toilets.,Charge Lady,"July 22, 2021",Love the toilet. Height makes a big difference. Very good flushing action.,5,10,4
lowes.com,https://www.lowes.com/pd/Project-Source-Project-Source-Danville-Single-Flush-12in-Rough-In-2-Piece-Chair-Height-Elongated-Bowl-1-28-GPF-White/5000026209,Project Source  Danville White Elongated Chair Height 2-piece WaterSense Toilet 12-in Rough-In Size (Ada Compliant),Model #MT-20202P,149.0,USD,4.4,"Lowe's brand., but not the same as brand names",Flush One,"February 15, 2022","Water Tank Rubber Gasket doesn't seat tight to bowel at first, re tighten several times",3,3,0
lowes.com,https://www.lowes.com/pd/Project-Source-Project-Source-Danville-Single-Flush-12in-Rough-In-2-Piece-Chair-Height-Elongated-Bowl-1-28-GPF-White/5000026209,Project Source  Danville White Elongated Chair Height 2-piece WaterSense Toilet 12-in Rough-In Size (Ada Compliant),Model #MT-20202P,149.0,USD,4.4,Just average,Unhandy man,"May 28, 2022",The toilet is fine and easy to install however it did not have a soft close seat or lid which is practically standard in toilets nowadays.,4,0,0
lowes.com,https://www.lowes.com/pd/Project-Source-Project-Source-Danville-Single-Flush-12in-Rough-In-2-Piece-Chair-Height-Elongated-Bowl-1-28-GPF-White/5000026209,Project Source  Danville White Elongated Chair Height 2-piece WaterSense Toilet 12-in Rough-In Size (Ada Compliant),Model #MT-20202P,149.0,USD,4.4,Good priced,chcuckleberry,"April 24, 2022","Easy install. Appears to be a quality toilet for the cost. Like the fact it comes with Fluidmaster parts. Flushing power seems to be good. The only part I didnt use was the wax ring seal, up graded to the no wax silicone seal because it was an old house.",5,2,0
lowes.com,https://www.lowes.com/pd/Project-Source-Project-Source-Danville-Single-Flush-12in-Rough-In-2-Piece-Chair-Height-Elongated-Bowl-1-28-GPF-White/5000026209,Project Source  Danville White Elongated Chair Height 2-piece WaterSense Toilet 12-in Rough-In Size (Ada Compliant),Model #MT-20202P,149.0,USD,4.4,It's a space saver since the tank is smaller,Patsy,"September 12, 2021",So much better on our backs the height is just right now.,5,4,1
lowes.com,https://www.lowes.com/pd/Project-Source-Project-Source-Danville-Single-Flush-12in-Rough-In-2-Piece-Chair-Height-Elongated-Bowl-1-28-GPF-White/5000026209,Project Source  Danville White Elongated Chair Height 2-piece WaterSense Toilet 12-in Rough-In Size (Ada Compliant),Model #MT-20202P,149.0,USD,4.4,,I am the village Handyman,"February 20, 2022",,5,2,0
lowes.com,https://www.lowes.com/pd/Project-Source-Project-Source-Danville-Single-Flush-12in-Rough-In-2-Piece-Chair-Height-Elongated-Bowl-1-28-GPF-White/5000026209,Project Source  Danville White Elongated Chair Height 2-piece WaterSense Toilet 12-in Rough-In Size (Ada Compliant),Model #MT-20202P,149.0,USD,4.4,Make sure there arent any flaws in the product!!!!,Michelle Nuckols,"September 21, 2022",I bought 2 of this product and one came with a crack with a slow steady leak that couldn't be fixed. So now I have to pay a plumber to come out for the second time to intall my toilet after I try and figure out how I am going to get the defective toilet back to the store. I am not happt at all!!!!!,1,1,0
lowes.com,https://www.lowes.com/pd/Project-Source-Project-Source-Danville-Single-Flush-12in-Rough-In-2-Piece-Chair-Height-Elongated-Bowl-1-28-GPF-White/5000026209,Project Source  Danville White Elongated Chair Height 2-piece WaterSense Toilet 12-in Rough-In Size (Ada Compliant),Model #MT-20202P,149.0,USD,4.4,LEAKED,PartyOfNo,"September 19, 2022",Installed and the water leaked out of the bowl. Called a plumber and he discovered the leak was internal and nothing we did--just defective. For the price of the plumber--spend a little more and don't get this!!!!,1,1,0
lowes.com,https://www.lowes.com/pd/Project-Source-Project-Source-Danville-Single-Flush-12in-Rough-In-2-Piece-Chair-Height-Elongated-Bowl-1-28-GPF-White/5000026209,Project Source  Danville White Elongated Chair Height 2-piece WaterSense Toilet 12-in Rough-In Size (Ada Compliant),Model #MT-20202P,149.0,USD,4.4,,Pems,"February 7, 2022",,5,1,0
lowes.com,https://www.lowes.com/pd/Project-Source-Project-Source-Danville-Single-Flush-12in-Rough-In-2-Piece-Chair-Height-Elongated-Bowl-1-28-GPF-White/5000026209,Project Source  Danville White Elongated Chair Height 2-piece WaterSense Toilet 12-in Rough-In Size (Ada Compliant),Model #MT-20202P,149.0,USD,4.4,,Toliet,"March 5, 2022",,5,1,0
lowes.com,https://www.lowes.com/pd/Project-Source-Project-Source-Danville-Single-Flush-12in-Rough-In-2-Piece-Chair-Height-Elongated-Bowl-1-28-GPF-White/5000026209,Project Source  Danville White Elongated Chair Height 2-piece WaterSense Toilet 12-in Rough-In Size (Ada Compliant),Model #MT-20202P,149.0,USD,4.4,,,"November 28, 2021",,5,1,0
lowes.com,https://www.lowes.com/pd/Project-Source-Project-Source-Danville-Single-Flush-12in-Rough-In-2-Piece-Chair-Height-Elongated-Bowl-1-28-GPF-White/5000026209,Project Source  Danville White Elongated Chair Height 2-piece WaterSense Toilet 12-in Rough-In Size (Ada Compliant),Model #MT-20202P,149.0,USD,4.4,,12345,"February 8, 2022",,4,1,0
lowes.com,https://www.lowes.com/pd/Project-Source-Project-Source-Danville-Single-Flush-12in-Rough-In-2-Piece-Chair-Height-Elongated-Bowl-1-28-GPF-White/5000026209,Project Source  Danville White Elongated Chair Height 2-piece WaterSense Toilet 12-in Rough-In Size (Ada Compliant),Model #MT-20202P,149.0,USD,4.4,,Cado,"December 1, 2021",,5,1,0
lowes.com,https://www.lowes.com/pd/Project-Source-Project-Source-Danville-Single-Flush-12in-Rough-In-2-Piece-Chair-Height-Elongated-Bowl-1-28-GPF-White/5000026209,Project Source  Danville White Elongated Chair Height 2-piece WaterSense Toilet 12-in Rough-In Size (Ada Compliant),Model #MT-20202P,149.0,USD,4.4,,Margo,"October 26, 2021",,5,1,0
lowes.com,https://www.lowes.com/pd/Project-Source-Project-Source-Danville-Single-Flush-12in-Rough-In-2-Piece-Chair-Height-Elongated-Bowl-1-28-GPF-White/5000026209,Project Source  Danville White Elongated Chair Height 2-piece WaterSense Toilet 12-in Rough-In Size (Ada Compliant),Model #MT-20202P,149.0,USD,4.4,,,"March 14, 2022",,5,1,0
lowes.com,https://www.lowes.com/pd/Project-Source-Project-Source-Danville-Single-Flush-12in-Rough-In-2-Piece-Chair-Height-Elongated-Bowl-1-28-GPF-White/5000026209,Project Source  Danville White Elongated Chair Height 2-piece WaterSense Toilet 12-in Rough-In Size (Ada Compliant),Model #MT-20202P,149.0,USD,4.4,,,"March 14, 2022",,5,1,0
lowes.com,https://www.lowes.com/pd/Project-Source-Project-Source-Danville-Single-Flush-12in-Rough-In-2-Piece-Chair-Height-Elongated-Bowl-1-28-GPF-White/5000026209,Project Source  Danville White Elongated Chair Height 2-piece WaterSense Toilet 12-in Rough-In Size (Ada Compliant),Model #MT-20202P,149.0,USD,4.4,,Martica,"March 15, 2022",,4,1,0
lowes.com,https://www.lowes.com/pd/Project-Source-Project-Source-Danville-Single-Flush-12in-Rough-In-2-Piece-Chair-Height-Elongated-Bowl-1-28-GPF-White/5000026209,Project Source  Danville White Elongated Chair Height 2-piece WaterSense Toilet 12-in Rough-In Size (Ada Compliant),Model #MT-20202P,149.0,USD,4.4,,,"March 17, 2022",,5,1,0
lowes.com,https://www.lowes.com/pd/Project-Source-Project-Source-Danville-Single-Flush-12in-Rough-In-2-Piece-Chair-Height-Elongated-Bowl-1-28-GPF-White/5000026209,Project Source  Danville White Elongated Chair Height 2-piece WaterSense Toilet 12-in Rough-In Size (Ada Compliant),Model #MT-20202P,149.0,USD,4.4,,Loves Bosch,"August 16, 2021",,4,2,2
lowes.com,https://www.lowes.com/pd/Project-Source-Project-Source-Danville-Single-Flush-12in-Rough-In-2-Piece-Chair-Height-Elongated-Bowl-1-28-GPF-White/5000026209,Project Source  Danville White Elongated Chair Height 2-piece WaterSense Toilet 12-in Rough-In Size (Ada Compliant),Model #MT-20202P,149.0,USD,4.4,Leaks,Cunsumer,"July 26, 2022",Purchased this toilet and installed only to find it leaks. Took it apart and found both tank bolts loose. Put it back together still leaked. Found the huge main nut holding the tank seal was also loose. 2 days and several times back apart we are finally able to use it. All the loose hardware was installed by the manufacturer. Double check everything before you waste your time installing.,2,0,1
lowes.com,https://www.lowes.com/pd/Project-Source-Project-Source-Danville-Single-Flush-12in-Rough-In-2-Piece-Chair-Height-Elongated-Bowl-1-28-GPF-White/5000026209,Project Source  Danville White Elongated Chair Height 2-piece WaterSense Toilet 12-in Rough-In Size (Ada Compliant),Model #MT-20202P,149.0,USD,4.4,,,"October 2, 2021",,5,3,5
lowes.com,https://www.lowes.com/pd/Project-Source-Project-Source-Danville-Single-Flush-12in-Rough-In-2-Piece-Chair-Height-Elongated-Bowl-1-28-GPF-White/5000026209,Project Source  Danville White Elongated Chair Height 2-piece WaterSense Toilet 12-in Rough-In Size (Ada Compliant),Model #MT-20202P,149.0,USD,4.4,,RLB81,"July 12, 2021",,5,4,10
lowes.com,https://www.lowes.com/pd/Project-Source-Project-Source-Danville-Single-Flush-12in-Rough-In-2-Piece-Chair-Height-Elongated-Bowl-1-28-GPF-White/5000026209,Project Source  Danville White Elongated Chair Height 2-piece WaterSense Toilet 12-in Rough-In Size (Ada Compliant),Model #MT-20202P,149.0,USD,4.4,I‚Äôm very satisfied with my purchase.,Emma,"April 2, 2022",Love product. Product is just the right size and height.,5,1,1
lowes.com,https://www.lowes.com/pd/Project-Source-Project-Source-Danville-Single-Flush-12in-Rough-In-2-Piece-Chair-Height-Elongated-Bowl-1-28-GPF-White/5000026209,Project Source  Danville White Elongated Chair Height 2-piece WaterSense Toilet 12-in Rough-In Size (Ada Compliant),Model #MT-20202P,149.0,USD,4.4,,,"March 17, 2022",,5,1,1
lowes.com,https://www.lowes.com/pd/Project-Source-Project-Source-Danville-Single-Flush-12in-Rough-In-2-Piece-Chair-Height-Elongated-Bowl-1-28-GPF-White/5000026209,Project Source  Danville White Elongated Chair Height 2-piece WaterSense Toilet 12-in Rough-In Size (Ada Compliant),Model #MT-20202P,149.0,USD,4.4,,Dan Dan the Handyman,"December 28, 2021",,4,1,1
lowes.com,https://www.lowes.com/pd/Project-Source-Project-Source-Danville-Single-Flush-12in-Rough-In-2-Piece-Chair-Height-Elongated-Bowl-1-28-GPF-White/5000026209,Project Source  Danville White Elongated Chair Height 2-piece WaterSense Toilet 12-in Rough-In Size (Ada Compliant),Model #MT-20202P,149.0,USD,4.4,,Kimmy,"April 27, 2022",,2,1,2
lowes.com,https://www.lowes.com/pd/Project-Source-Project-Source-Danville-Single-Flush-12in-Rough-In-2-Piece-Chair-Height-Elongated-Bowl-1-28-GPF-White/5000026209,Project Source  Danville White Elongated Chair Height 2-piece WaterSense Toilet 12-in Rough-In Size (Ada Compliant),Model #MT-20202P,149.0,USD,4.4,A great replacement for a small space,Dini,"July 10, 2022",i needed to replace the small toilet in my mobile home that was sized for a child. This toilet is the rght size and sturdy. Plus it is a water saver. It was easy for the contractor to install.,5,0,0
lowes.com,https://www.lowes.com/pd/Project-Source-Project-Source-Danville-Single-Flush-12in-Rough-In-2-Piece-Chair-Height-Elongated-Bowl-1-28-GPF-White/5000026209,Project Source  Danville White Elongated Chair Height 2-piece WaterSense Toilet 12-in Rough-In Size (Ada Compliant),Model #MT-20202P,149.0,USD,4.4,Chair height oval bowl is where it‚Äôs at,Fatmonkeygarage,"April 5, 2022",I love the height of the toilet however it seems the inside of the bowl often has leftovers smashed to the bottom that don‚Äôt get washed off with the flush. Did not happen with the old toilet.,3,0,0
lowes.com,https://www.lowes.com/pd/Project-Source-Project-Source-Danville-Single-Flush-12in-Rough-In-2-Piece-Chair-Height-Elongated-Bowl-1-28-GPF-White/5000026209,Project Source  Danville White Elongated Chair Height 2-piece WaterSense Toilet 12-in Rough-In Size (Ada Compliant),Model #MT-20202P,149.0,USD,4.4,Not a name brand,Ccplus2,"October 28, 2022","The toilet was easy to install, has a real good flush, great height with elongated seat for a very very good price. Worked well for ADA compliance.",5,0,0
lowes.com,https://www.lowes.com/pd/Project-Source-Project-Source-Danville-Single-Flush-12in-Rough-In-2-Piece-Chair-Height-Elongated-Bowl-1-28-GPF-White/5000026209,Project Source  Danville White Elongated Chair Height 2-piece WaterSense Toilet 12-in Rough-In Size (Ada Compliant),Model #MT-20202P,149.0,USD,4.4,Color not as advertised,Sandy,"August 26, 2022","I bought the ""bone"" toilet because I liked the darked shade shown on the color chart online. When delivered it was much lighter and not as shown.",1,0,0
lowes.com,https://www.lowes.com/pd/Project-Source-Project-Source-Danville-Single-Flush-12in-Rough-In-2-Piece-Chair-Height-Elongated-Bowl-1-28-GPF-White/5000026209,Project Source  Danville White Elongated Chair Height 2-piece WaterSense Toilet 12-in Rough-In Size (Ada Compliant),Model #MT-20202P,149.0,USD,4.4,Rubber seal,Yolie,"October 3, 2022",Overall good purchase however the tank to bottom rubber seal included was horrible caused leakage had go buy new ones.,4,0,0
lowes.com,https://www.lowes.com/pd/Project-Source-Project-Source-Danville-Single-Flush-12in-Rough-In-2-Piece-Chair-Height-Elongated-Bowl-1-28-GPF-White/5000026209,Project Source  Danville White Elongated Chair Height 2-piece WaterSense Toilet 12-in Rough-In Size (Ada Compliant),Model #MT-20202P,149.0,USD,4.4,üëçüëç,esjc,"October 10, 2022",The first one we got was cracked. Lowes made the return easy. Install was easy enough!! Great height!,4,0,0
lowes.com,https://www.lowes.com/pd/Project-Source-Project-Source-Danville-Single-Flush-12in-Rough-In-2-Piece-Chair-Height-Elongated-Bowl-1-28-GPF-White/5000026209,Project Source  Danville White Elongated Chair Height 2-piece WaterSense Toilet 12-in Rough-In Size (Ada Compliant),Model #MT-20202P,149.0,USD,4.4,Quality at a good price,Bozey,"October 7, 2022","Very pleased with the height and the color, as well as its efficient flushing.",5,0,0
lowes.com,https://www.lowes.com/pd/Project-Source-Project-Source-Danville-Single-Flush-12in-Rough-In-2-Piece-Chair-Height-Elongated-Bowl-1-28-GPF-White/5000026209,Project Source  Danville White Elongated Chair Height 2-piece WaterSense Toilet 12-in Rough-In Size (Ada Compliant),Model #MT-20202P,149.0,USD,4.4,,Chika boy,"September 9, 2021",,2,1,13
lowes.com,https://www.lowes.com/pd/Project-Source-Project-Source-Danville-Single-Flush-12in-Rough-In-2-Piece-Chair-Height-Elongated-Bowl-1-28-GPF-White/5000026209,Project Source  Danville White Elongated Chair Height 2-piece WaterSense Toilet 12-in Rough-In Size (Ada Compliant),Model #MT-20202P,149.0,USD,4.4,,,"November 29, 2022",,5,0,0
lowes.com,https://www.lowes.com/pd/Project-Source-Project-Source-Danville-Single-Flush-12in-Rough-In-2-Piece-Chair-Height-Elongated-Bowl-1-28-GPF-White/5000026209,Project Source  Danville White Elongated Chair Height 2-piece WaterSense Toilet 12-in Rough-In Size (Ada Compliant),Model #MT-20202P,149.0,USD,4.4,,,"November 16, 2021",,4,0,5
lowes.com,https://www.lowes.com/pd/Project-Source-Project-Source-Danville-Single-Flush-12in-Rough-In-2-Piece-Chair-Height-Elongated-Bowl-1-28-GPF-White/5000026209,Project Source  Danville White Elongated Chair Height 2-piece WaterSense Toilet 12-in Rough-In Size (Ada Compliant),Model #MT-20202P,149.0,USD,4.4,,,"June 4, 2022",,5,0,0
lowes.com,https://www.lowes.com/pd/Project-Source-Project-Source-Danville-Single-Flush-12in-Rough-In-2-Piece-Chair-Height-Elongated-Bowl-1-28-GPF-White/5000026209,Project Source  Danville White Elongated Chair Height 2-piece WaterSense Toilet 12-in Rough-In Size (Ada Compliant),Model #MT-20202P,149.0,USD,4.4,,Big Jim,"December 28, 2021",,5,0,1
lowes.com,https://www.lowes.com/pd/Project-Source-Project-Source-Danville-Single-Flush-12in-Rough-In-2-Piece-Chair-Height-Elongated-Bowl-1-28-GPF-White/5000026209,Project Source  Danville White Elongated Chair Height 2-piece WaterSense Toilet 12-in Rough-In Size (Ada Compliant),Model #MT-20202P,149.0,USD,4.4,,,"April 11, 2022",,5,0,0
lowes.com,https://www.lowes.com/pd/Project-Source-Project-Source-Danville-Single-Flush-12in-Rough-In-2-Piece-Chair-Height-Elongated-Bowl-1-28-GPF-White/5000026209,Project Source  Danville White Elongated Chair Height 2-piece WaterSense Toilet 12-in Rough-In Size (Ada Compliant),Model #MT-20202P,149.0,USD,4.4,,Markus,"August 24, 2022",,5,0,0
lowes.com,https://www.lowes.com/pd/Project-Source-Project-Source-Danville-Single-Flush-12in-Rough-In-2-Piece-Chair-Height-Elongated-Bowl-1-28-GPF-White/5000026209,Project Source  Danville White Elongated Chair Height 2-piece WaterSense Toilet 12-in Rough-In Size (Ada Compliant),Model #MT-20202P,149.0,USD,4.4,,Florida Man,"November 5, 2022",,5,0,0
lowes.com,https://www.lowes.com/pd/Project-Source-Project-Source-Danville-Single-Flush-12in-Rough-In-2-Piece-Chair-Height-Elongated-Bowl-1-28-GPF-White/5000026209,Project Source  Danville White Elongated Chair Height 2-piece WaterSense Toilet 12-in Rough-In Size (Ada Compliant),Model #MT-20202P,149.0,USD,4.4,,stitch,"October 27, 2021",,5,0,3
lowes.com,https://www.lowes.com/pd/Project-Source-Project-Source-Danville-Single-Flush-12in-Rough-In-2-Piece-Chair-Height-Elongated-Bowl-1-28-GPF-White/5000026209,Project Source  Danville White Elongated Chair Height 2-piece WaterSense Toilet 12-in Rough-In Size (Ada Compliant),Model #MT-20202P,149.0,USD,4.4,,Raymond,"October 26, 2021",,5,0,0
lowes.com,https://www.lowes.com/pd/Project-Source-Project-Source-Danville-Single-Flush-12in-Rough-In-2-Piece-Chair-Height-Elongated-Bowl-1-28-GPF-White/5000026209,Project Source  Danville White Elongated Chair Height 2-piece WaterSense Toilet 12-in Rough-In Size (Ada Compliant),Model #MT-20202P,149.0,USD,4.4,,,"September 30, 2022",,5,0,0
lowes.com,https://www.lowes.com/pd/Project-Source-Project-Source-Danville-Single-Flush-12in-Rough-In-2-Piece-Chair-Height-Elongated-Bowl-1-28-GPF-White/5000026209,Project Source  Danville White Elongated Chair Height 2-piece WaterSense Toilet 12-in Rough-In Size (Ada Compliant),Model #MT-20202P,149.0,USD,4.4,,Happy,"March 29, 2022",,5,0,0
lowes.com,https://www.lowes.com/pd/Project-Source-Project-Source-Danville-Single-Flush-12in-Rough-In-2-Piece-Chair-Height-Elongated-Bowl-1-28-GPF-White/5000026209,Project Source  Danville White Elongated Chair Height 2-piece WaterSense Toilet 12-in Rough-In Size (Ada Compliant),Model #MT-20202P,149.0,USD,4.4,,,"July 8, 2022",,5,0,0
lowes.com,https://www.lowes.com/pd/Project-Source-Project-Source-Danville-Single-Flush-12in-Rough-In-2-Piece-Chair-Height-Elongated-Bowl-1-28-GPF-White/5000026209,Project Source  Danville White Elongated Chair Height 2-piece WaterSense Toilet 12-in Rough-In Size (Ada Compliant),Model #MT-20202P,149.0,USD,4.4,,Deb j,"October 12, 2021",,5,0,5
lowes.com,https://www.lowes.com/pd/Project-Source-Project-Source-Danville-Single-Flush-12in-Rough-In-2-Piece-Chair-Height-Elongated-Bowl-1-28-GPF-White/5000026209,Project Source  Danville White Elongated Chair Height 2-piece WaterSense Toilet 12-in Rough-In Size (Ada Compliant),Model #MT-20202P,149.0,USD,4.4,,Wheaty,"October 11, 2022",,5,0,0
lowes.com,https://www.lowes.com/pd/Project-Source-Project-Source-Danville-Single-Flush-12in-Rough-In-2-Piece-Chair-Height-Elongated-Bowl-1-28-GPF-White/5000026209,Project Source  Danville White Elongated Chair Height 2-piece WaterSense Toilet 12-in Rough-In Size (Ada Compliant),Model #MT-20202P,149.0,USD,4.4,,,"July 9, 2022",,5,0,0
lowes.com,https://www.lowes.com/pd/Project-Source-Project-Source-Danville-Single-Flush-12in-Rough-In-2-Piece-Chair-Height-Elongated-Bowl-1-28-GPF-White/5000026209,Project Source  Danville White Elongated Chair Height 2-piece WaterSense Toilet 12-in Rough-In Size (Ada Compliant),Model #MT-20202P,149.0,USD,4.4,,Steve,"October 11, 2021",,4,0,3
lowes.com,https://www.lowes.com/pd/Project-Source-Project-Source-Danville-Single-Flush-12in-Rough-In-2-Piece-Chair-Height-Elongated-Bowl-1-28-GPF-White/5000026209,Project Source  Danville White Elongated Chair Height 2-piece WaterSense Toilet 12-in Rough-In Size (Ada Compliant),Model #MT-20202P,149.0,USD,4.4,,,"June 8, 2022",,5,0,0
lowes.com,https://www.lowes.com/pd/Project-Source-Project-Source-Danville-Single-Flush-12in-Rough-In-2-Piece-Chair-Height-Elongated-Bowl-1-28-GPF-White/5000026209,Project Source  Danville White Elongated Chair Height 2-piece WaterSense Toilet 12-in Rough-In Size (Ada Compliant),Model #MT-20202P,149.0,USD,4.4,,,"September 6, 2022",,5,0,0
lowes.com,https://www.lowes.com/pd/Project-Source-Project-Source-Danville-Single-Flush-12in-Rough-In-2-Piece-Chair-Height-Elongated-Bowl-1-28-GPF-White/5000026209,Project Source  Danville White Elongated Chair Height 2-piece WaterSense Toilet 12-in Rough-In Size (Ada Compliant),Model #MT-20202P,149.0,USD,4.4,,Tammy,"May 6, 2022",,1,0,6
lowes.com,https://www.lowes.com/pd/Project-Source-Project-Source-Danville-Single-Flush-12in-Rough-In-2-Piece-Chair-Height-Elongated-Bowl-1-28-GPF-White/5000026209,Project Source  Danville White Elongated Chair Height 2-piece WaterSense Toilet 12-in Rough-In Size (Ada Compliant),Model #MT-20202P,149.0,USD,4.4,,,"November 14, 2021",,5,0,2
lowes.com,https://www.lowes.com/pd/Project-Source-Project-Source-Danville-Single-Flush-12in-Rough-In-2-Piece-Chair-Height-Elongated-Bowl-1-28-GPF-White/5000026209,Project Source  Danville White Elongated Chair Height 2-piece WaterSense Toilet 12-in Rough-In Size (Ada Compliant),Model #MT-20202P,149.0,USD,4.4,,,"July 13, 2022",,5,0,0
lowes.com,https://www.lowes.com/pd/Project-Source-Project-Source-Danville-Single-Flush-12in-Rough-In-2-Piece-Chair-Height-Elongated-Bowl-1-28-GPF-White/5000026209,Project Source  Danville White Elongated Chair Height 2-piece WaterSense Toilet 12-in Rough-In Size (Ada Compliant),Model #MT-20202P,149.0,USD,4.4,,BigD,"August 30, 2022",,5,0,0
lowes.com,https://www.lowes.com/pd/Project-Source-Project-Source-Danville-Single-Flush-12in-Rough-In-2-Piece-Chair-Height-Elongated-Bowl-1-28-GPF-White/5000026209,Project Source  Danville White Elongated Chair Height 2-piece WaterSense Toilet 12-in Rough-In Size (Ada Compliant),Model #MT-20202P,149.0,USD,4.4,,,"April 4, 2022",,5,0,0
lowes.com,https://www.lowes.com/pd/Project-Source-Project-Source-Danville-Single-Flush-12in-Rough-In-2-Piece-Chair-Height-Elongated-Bowl-1-28-GPF-White/5000026209,Project Source  Danville White Elongated Chair Height 2-piece WaterSense Toilet 12-in Rough-In Size (Ada Compliant),Model #MT-20202P,149.0,USD,4.4,,,"September 6, 2021",,5,0,6
lowes.com,https://www.lowes.com/pd/Project-Source-Project-Source-Danville-Single-Flush-12in-Rough-In-2-Piece-Chair-Height-Elongated-Bowl-1-28-GPF-White/5000026209,Project Source  Danville White Elongated Chair Height 2-piece WaterSense Toilet 12-in Rough-In Size (Ada Compliant),Model #MT-20202P,149.0,USD,4.4,,,"October 20, 2021",,5,0,3
lowes.com,https://www.lowes.com/pd/Project-Source-Project-Source-Danville-Single-Flush-12in-Rough-In-2-Piece-Chair-Height-Elongated-Bowl-1-28-GPF-White/5000026209,Project Source  Danville White Elongated Chair Height 2-piece WaterSense Toilet 12-in Rough-In Size (Ada Compliant),Model #MT-20202P,149.0,USD,4.4,,Buckle,"September 25, 2021",,5,0,2
lowes.com,https://www.lowes.com/pd/Project-Source-Project-Source-Danville-Single-Flush-12in-Rough-In-2-Piece-Chair-Height-Elongated-Bowl-1-28-GPF-White/5000026209,Project Source  Danville White Elongated Chair Height 2-piece WaterSense Toilet 12-in Rough-In Size (Ada Compliant),Model #MT-20202P,149.0,USD,4.4,,,"May 30, 2022",,5,0,0
lowes.com,https://www.lowes.com/pd/Project-Source-Project-Source-Danville-Single-Flush-12in-Rough-In-2-Piece-Chair-Height-Elongated-Bowl-1-28-GPF-White/5000026209,Project Source  Danville White Elongated Chair Height 2-piece WaterSense Toilet 12-in Rough-In Size (Ada Compliant),Model #MT-20202P,149.0,USD,4.4,,Happy Bathroom,"March 29, 2022",,5,0,0
lowes.com,https://www.lowes.com/pd/Project-Source-Project-Source-Danville-Single-Flush-12in-Rough-In-2-Piece-Chair-Height-Elongated-Bowl-1-28-GPF-White/5000026209,Project Source  Danville White Elongated Chair Height 2-piece WaterSense Toilet 12-in Rough-In Size (Ada Compliant),Model #MT-20202P,149.0,USD,4.4,,,"October 31, 2022",,5,0,0
lowes.com,https://www.lowes.com/pd/Project-Source-Project-Source-Danville-Single-Flush-12in-Rough-In-2-Piece-Chair-Height-Elongated-Bowl-1-28-GPF-White/5000026209,Project Source  Danville White Elongated Chair Height 2-piece WaterSense Toilet 12-in Rough-In Size (Ada Compliant),Model #MT-20202P,149.0,USD,4.4,,Will,"March 22, 2022",,4,0,0
lowes.com,https://www.lowes.com/pd/Project-Source-Project-Source-Danville-Single-Flush-12in-Rough-In-2-Piece-Chair-Height-Elongated-Bowl-1-28-GPF-White/5000026209,Project Source  Danville White Elongated Chair Height 2-piece WaterSense Toilet 12-in Rough-In Size (Ada Compliant),Model #MT-20202P,149.0,USD,4.4,,,"March 22, 2022",,5,0,0
lowes.com,https://www.lowes.com/pd/Project-Source-Project-Source-Danville-Single-Flush-12in-Rough-In-2-Piece-Chair-Height-Elongated-Bowl-1-28-GPF-White/5000026209,Project Source  Danville White Elongated Chair Height 2-piece WaterSense Toilet 12-in Rough-In Size (Ada Compliant),Model #MT-20202P,149.0,USD,4.4,,,"July 2, 2022",,5,0,0
lowes.com,https://www.lowes.com/pd/Project-Source-Project-Source-Danville-Single-Flush-12in-Rough-In-2-Piece-Chair-Height-Elongated-Bowl-1-28-GPF-White/5000026209,Project Source  Danville White Elongated Chair Height 2-piece WaterSense Toilet 12-in Rough-In Size (Ada Compliant),Model #MT-20202P,149.0,USD,4.4,,,"November 18, 2021",,4,0,3
lowes.com,https://www.lowes.com/pd/Project-Source-Project-Source-Danville-Single-Flush-12in-Rough-In-2-Piece-Chair-Height-Elongated-Bowl-1-28-GPF-White/5000026209,Project Source  Danville White Elongated Chair Height 2-piece WaterSense Toilet 12-in Rough-In Size (Ada Compliant),Model #MT-20202P,149.0,USD,4.4,,Resa,"September 23, 2021",,5,0,6
lowes.com,https://www.lowes.com/pd/Project-Source-Project-Source-Danville-Single-Flush-12in-Rough-In-2-Piece-Chair-Height-Elongated-Bowl-1-28-GPF-White/5000026209,Project Source  Danville White Elongated Chair Height 2-piece WaterSense Toilet 12-in Rough-In Size (Ada Compliant),Model #MT-20202P,149.0,USD,4.4,,,"October 28, 2022",,5,0,0
lowes.com,https://www.lowes.com/pd/Project-Source-Project-Source-Danville-Single-Flush-12in-Rough-In-2-Piece-Chair-Height-Elongated-Bowl-1-28-GPF-White/5000026209,Project Source  Danville White Elongated Chair Height 2-piece WaterSense Toilet 12-in Rough-In Size (Ada Compliant),Model #MT-20202P,149.0,USD,4.4,,GWJONES,"November 11, 2021",,4,0,3
lowes.com,https://www.lowes.com/pd/Project-Source-Project-Source-Danville-Single-Flush-12in-Rough-In-2-Piece-Chair-Height-Elongated-Bowl-1-28-GPF-White/5000026209,Project Source  Danville White Elongated Chair Height 2-piece WaterSense Toilet 12-in Rough-In Size (Ada Compliant),Model #MT-20202P,149.0,USD,4.4,,,"November 13, 2022",,5,0,0
lowes.com,https://www.lowes.com/pd/Project-Source-Project-Source-Danville-Single-Flush-12in-Rough-In-2-Piece-Chair-Height-Elongated-Bowl-1-28-GPF-White/5000026209,Project Source  Danville White Elongated Chair Height 2-piece WaterSense Toilet 12-in Rough-In Size (Ada Compliant),Model #MT-20202P,149.0,USD,4.4,,,"November 14, 2022",,5,0,0
lowes.com,https://www.lowes.com/pd/Project-Source-Project-Source-Danville-Single-Flush-12in-Rough-In-2-Piece-Chair-Height-Elongated-Bowl-1-28-GPF-White/5000026209,Project Source  Danville White Elongated Chair Height 2-piece WaterSense Toilet 12-in Rough-In Size (Ada Compliant),Model #MT-20202P,149.0,USD,4.4,,,"November 21, 2022",,5,0,0
lowes.com,https://www.lowes.com/pd/Project-Source-Project-Source-Danville-Single-Flush-12in-Rough-In-2-Piece-Chair-Height-Elongated-Bowl-1-28-GPF-White/5000026209,Project Source  Danville White Elongated Chair Height 2-piece WaterSense Toilet 12-in Rough-In Size (Ada Compliant),Model #MT-20202P,149.0,USD,4.4,,Hondo,"September 28, 2022",,2,0,2
lowes.com,https://www.lowes.com/pd/Project-Source-Project-Source-Danville-Single-Flush-12in-Rough-In-2-Piece-Chair-Height-Elongated-Bowl-1-28-GPF-White/5000026209,Project Source  Danville White Elongated Chair Height 2-piece WaterSense Toilet 12-in Rough-In Size (Ada Compliant),Model #MT-20202P,149.0,USD,4.4,,Stan,"July 2, 2022",,1,0,1
lowes.com,https://www.lowes.com/pd/Project-Source-Project-Source-Danville-Single-Flush-12in-Rough-In-2-Piece-Chair-Height-Elongated-Bowl-1-28-GPF-White/5000026209,Project Source  Danville White Elongated Chair Height 2-piece WaterSense Toilet 12-in Rough-In Size (Ada Compliant),Model #MT-20202P,149.0,USD,4.4,,,"July 2, 2021",,5,0,21
lowes.com,https://www.lowes.com/pd/Project-Source-Project-Source-Danville-Single-Flush-12in-Rough-In-2-Piece-Chair-Height-Elongated-Bowl-1-28-GPF-White/5000026209,Project Source  Danville White Elongated Chair Height 2-piece WaterSense Toilet 12-in Rough-In Size (Ada Compliant),Model #MT-20202P,149.0,USD,4.4,,Lola,"May 6, 2022",,5,0,0
lowes.com,https://www.lowes.com/pd/Project-Source-Project-Source-Danville-Single-Flush-12in-Rough-In-2-Piece-Chair-Height-Elongated-Bowl-1-28-GPF-White/5000026209,Project Source  Danville White Elongated Chair Height 2-piece WaterSense Toilet 12-in Rough-In Size (Ada Compliant),Model #MT-20202P,149.0,USD,4.4,,,"November 1, 2022",,5,0,0
lowes.com,https://www.lowes.com/pd/Project-Source-Project-Source-Danville-Single-Flush-12in-Rough-In-2-Piece-Chair-Height-Elongated-Bowl-1-28-GPF-White/5000026209,Project Source  Danville White Elongated Chair Height 2-piece WaterSense Toilet 12-in Rough-In Size (Ada Compliant),Model #MT-20202P,149.0,USD,4.4,,Beignet at the Beach,"September 29, 2022",,5,0,0
lowes.com,https://www.lowes.com/pd/Project-Source-Project-Source-Danville-Single-Flush-12in-Rough-In-2-Piece-Chair-Height-Elongated-Bowl-1-28-GPF-White/5000026209,Project Source  Danville White Elongated Chair Height 2-piece WaterSense Toilet 12-in Rough-In Size (Ada Compliant),Model #MT-20202P,149.0,USD,4.4,,,"September 11, 2021",,5,0,3
lowes.com,https://www.lowes.com/pd/Project-Source-Project-Source-Danville-Single-Flush-12in-Rough-In-2-Piece-Chair-Height-Elongated-Bowl-1-28-GPF-White/5000026209,Project Source  Danville White Elongated Chair Height 2-piece WaterSense Toilet 12-in Rough-In Size (Ada Compliant),Model #MT-20202P,149.0,USD,4.4,,Mimi,"July 13, 2022",,5,0,0
lowes.com,https://www.lowes.com/pd/Project-Source-Project-Source-Danville-Single-Flush-12in-Rough-In-2-Piece-Chair-Height-Elongated-Bowl-1-28-GPF-White/5000026209,Project Source  Danville White Elongated Chair Height 2-piece WaterSense Toilet 12-in Rough-In Size (Ada Compliant),Model #MT-20202P,149.0,USD,4.4,,Moes,"November 22, 2021",,4,0,3
lowes.com,https://www.lowes.com/pd/Project-Source-Project-Source-Danville-Single-Flush-12in-Rough-In-2-Piece-Chair-Height-Elongated-Bowl-1-28-GPF-White/5000026209,Project Source  Danville White Elongated Chair Height 2-piece WaterSense Toilet 12-in Rough-In Size (Ada Compliant),Model #MT-20202P,149.0,USD,4.4,,,"April 2, 2022",,5,0,0
lowes.com,https://www.lowes.com/pd/Project-Source-Project-Source-Danville-Single-Flush-12in-Rough-In-2-Piece-Chair-Height-Elongated-Bowl-1-28-GPF-White/5000026209,Project Source  Danville White Elongated Chair Height 2-piece WaterSense Toilet 12-in Rough-In Size (Ada Compliant),Model #MT-20202P,149.0,USD,4.4,,Beignet at the Beach,"September 29, 2022",,5,0,0
lowes.com,https://www.lowes.com/pd/Project-Source-Project-Source-Danville-Single-Flush-12in-Rough-In-2-Piece-Chair-Height-Elongated-Bowl-1-28-GPF-White/5000026209,Project Source  Danville White Elongated Chair Height 2-piece WaterSense Toilet 12-in Rough-In Size (Ada Compliant),Model #MT-20202P,149.0,USD,4.4,,,"September 11, 2021",,5,0,3
lowes.com,https://www.lowes.com/pd/Project-Source-Project-Source-Danville-Single-Flush-12in-Rough-In-2-Piece-Chair-Height-Elongated-Bowl-1-28-GPF-White/5000026209,Project Source  Danville White Elongated Chair Height 2-piece WaterSense Toilet 12-in Rough-In Size (Ada Compliant),Model #MT-20202P,149.0,USD,4.4,,,"April 15, 2022",,5,0,0
lowes.com,https://www.lowes.com/pd/Project-Source-Project-Source-Danville-Single-Flush-12in-Rough-In-2-Piece-Chair-Height-Elongated-Bowl-1-28-GPF-White/5000026209,Project Source  Danville White Elongated Chair Height 2-piece WaterSense Toilet 12-in Rough-In Size (Ada Compliant),Model #MT-20202P,149.0,USD,4.4,,Aspen,"August 12, 2021",,5,0,8
lowes.com,https://www.lowes.com/pd/Project-Source-Project-Source-Danville-Single-Flush-12in-Rough-In-2-Piece-Chair-Height-Elongated-Bowl-1-28-GPF-White/5000026209,Project Source  Danville White Elongated Chair Height 2-piece WaterSense Toilet 12-in Rough-In Size (Ada Compliant),Model #MT-20202P,149.0,USD,4.4,,Rttkmoore,"April 16, 2022",,5,0,0
lowes.com,https://www.lowes.com/pd/Project-Source-Project-Source-Danville-Single-Flush-12in-Rough-In-2-Piece-Chair-Height-Elongated-Bowl-1-28-GPF-White/5000026209,Project Source  Danville White Elongated Chair Height 2-piece WaterSense Toilet 12-in Rough-In Size (Ada Compliant),Model #MT-20202P,149.0,USD,4.4,,RicO,"April 12, 2022",,5,0,0
lowes.com,https://www.lowes.com/pd/Project-Source-Project-Source-Danville-Single-Flush-12in-Rough-In-2-Piece-Chair-Height-Elongated-Bowl-1-28-GPF-White/5000026209,Project Source  Danville White Elongated Chair Height 2-piece WaterSense Toilet 12-in Rough-In Size (Ada Compliant),Model #MT-20202P,149.0,USD,4.4,,Jackson,"October 10, 2021",,5,0,0
